technology,product_type,monthly_fee,tenure_months,support_tickets,area_density
0,0,20.0,33,7,1
1,0,25.42,16,7,2
0,2,32.87,53,8,1
0,0,22.87,38,7,0
0,0,20.0,5,6,0
0,1,26.1,21,8,0
0,1,21.9,12,8,0
1,1,32.1,13,6,0
0,0,21.56,12,6,1
0,1,27.49,43,7,0
0,0,20.0,55,7,0
1,0,25.24,15,6,0
1,2,40.81,3,8,1
0,0,20.0,72,7,0
0,1,26.42,33,7,1
0,1,22.74,53,7,0
0,0,20.0,25,7,2
0,2,32.29,2,7,2
0,0,23.31,40,8,0
0,1,25.23,72,6,0
0,2,31.29,17,6,0
0,1,24.78,2,8,0
0,2,30.4,10,6,1
0,0,20.88,55,7,2
0,1,21.51,38,7,1
1,0,27.84,67,4,2
0,1,24.0,30,7,0
0,2,34.17,48,7,0
0,0,20.0,21,6,1
0,1,28.01,11,8,0
0,0,22.02,48,8,1
0,1,27.15,55,8,0
0,1,23.02,17,7,0
1,2,36.75,72,5,2
1,1,26.45,72,6,0
1,0,23.24,12,5,2
0,0,23.09,13,6,2
0,0,22.39,14,8,1
0,0,20.05,27,7,1
0,0,20.0,22,7,1
0,2,33.94,8,6,2
0,1,26.06,14,7,0
0,1,20.0,2,8,1
1,0,26.35,3,5,1
0,2,31.93,7,8,0
0,1,29.61,72,8,0
0,0,20.0,72,7,0
0,1,20.0,50,8,1
0,1,26.84,18,5,2
0,0,20.87,6,8,0
1,1,24.93,29,4,2
1,1,27.06,41,6,1
1,0,32.27,15,4,2
1,2,35.08,39,6,1
0,2,34.19,10,7,1
1,1,28.05,18,8,0
0,1,20.0,24,6,2
0,1,25.49,72,7,0
0,1,25.2,14,6,2
0,1,24.8,41,7,2
0,0,20.0,12,6,0
0,1,26.79,10,7,0
1,2,35.55,15,6,1
0,1,22.21,30,7,0
0,0,21.46,72,6,2
0,1,20.15,17,8,0
0,0,20.0,56,7,0
1,0,26.22,72,4,2
0,0,21.52,36,7,1
1,0,23.83,63,7,2
1,1,25.81,14,4,0
0,1,23.88,40,8,1
0,0,20.0,48,8,1
1,2,31.21,8,4,1
0,2,29.78,13,8,1
0,2,33.96,23,7,1
1,0,28.28,16,4,0
0,1,24.74,25,7,0
0,2,34.27,7,6,1
0,1,20.26,72,7,0
1,0,25.98,60,5,1
0,0,20.0,72,6,0
0,1,26.92,9,8,1
0,2,31.26,41,6,1
0,1,29.96,16,8,0
0,1,23.38,10,7,0
0,0,21.88,57,8,0
0,1,25.16,31,7,1
1,2,35.53,22,3,2
0,0,20.0,37,6,0
0,1,23.46,14,6,1
0,2,31.96,13,8,0
1,0,23.81,16,8,1
0,1,26.72,65,8,2
1,0,24.25,62,5,0
0,1,28.39,8,7,1
0,1,28.77,72,8,0
0,1,22.85,29,8,0
0,1,28.61,41,8,0
0,0,20.0,16,8,0
0,2,33.76,30,8,1
0,1,27.86,10,7,0
0,0,20.0,15,8,1
0,1,26.28,54,8,0
1,1,28.59,55,4,0
0,0,20.0,42,8,1
0,2,36.05,21,7,2
1,2,34.04,8,7,0
0,0,20.0,71,6,2
0,2,32.23,58,7,1
0,0,22.06,4,7,1
0,0,20.0,56,6,1
1,0,27.5,22,4,0
1,2,37.59,49,7,0
0,1,20.0,7,6,1
1,0,22.41,16,5,0
1,1,28.31,32,7,2
0,1,27.44,72,8,0
1,0,20.0,32,5,0
0,2,39.65,64,8,1
1,2,37.59,35,6,0
1,1,30.45,34,5,1
0,2,35.54,44,6,1
0,1,33.03,28,5,2
0,2,34.61,53,8,1
0,1,28.85,11,8,1
1,1,30.39,28,5,1
1,0,23.58,72,6,2
0,2,30.57,65,7,0
0,1,23.52,38,7,0
0,0,20.0,59,8,0
0,0,20.0,72,7,0
0,1,25.77,3,8,1
0,1,20.95,24,7,1
1,1,30.57,16,5,1
0,2,31.89,7,8,0
0,0,20.44,72,8,1
0,1,24.43,45,7,0
0,0,29.23,58,8,1
1,2,40.08,17,5,1
1,2,32.27,23,5,0
0,1,26.7,29,7,0
0,1,24.18,40,8,0
0,0,20.0,52,6,2
0,1,21.98,49,6,2
0,2,33.3,24,7,1
0,1,23.96,72,8,0
0,0,22.9,72,7,0
0,1,28.98,37,8,1
0,2,36.12,30,6,1
1,0,21.44,23,7,0
0,0,21.43,40,7,0
0,1,27.9,71,8,1
0,2,30.58,31,6,0
1,0,21.68,18,4,0
0,0,24.83,30,8,0
0,0,20.68,37,7,1
1,0,25.91,10,3,2
0,1,23.53,8,6,2
0,1,22.34,19,8,1
0,1,24.29,72,8,1
0,1,25.63,68,6,0
0,0,20.0,6,7,1
0,2,31.97,13,6,0
0,1,20.93,51,8,1
1,2,32.64,21,4,0
0,1,28.01,42,8,0
0,0,21.81,6,8,0
0,1,24.82,30,7,0
0,0,20.0,27,8,0
0,1,22.92,58,7,0
0,0,20.0,40,5,2
0,0,21.93,33,7,0
0,2,34.78,5,8,1
0,0,20.0,72,6,2
0,2,28.54,48,7,2
0,0,20.8,16,6,1
0,1,23.53,32,5,2
1,1,28.45,21,8,0
0,1,29.98,25,8,0
0,0,22.48,67,8,0
0,0,20.47,13,8,1
1,0,20.18,50,6,1
1,0,24.63,69,5,0
0,1,29.19,44,8,0
0,2,30.87,26,7,1
1,2,40.05,15,4,0
0,1,29.88,17,7,1
0,1,30.99,33,8,1
0,1,26.92,31,8,1
0,0,21.76,54,8,1
1,2,40.24,7,3,2
1,1,31.34,67,4,1
0,1,24.5,72,8,1
0,0,20.0,28,8,1
0,1,26.72,25,8,0
0,1,22.13,27,8,0
1,2,35.57,32,6,0
1,1,33.29,23,6,0
1,0,20.0,3,5,1
0,2,36.6,26,6,2
0,0,23.37,33,8,0
0,1,24.62,72,6,0
1,0,25.63,12,7,2
0,1,26.01,72,6,0
0,2,35.69,22,7,1
0,0,22.95,14,8,1
0,2,27.8,48,7,1
0,0,21.76,20,6,0
0,2,31.38,28,6,0
0,1,26.25,30,8,0
0,2,29.82,46,6,1
0,0,25.24,28,8,1
0,2,35.12,25,6,0
0,1,23.78,21,8,1
0,0,20.0,43,5,2
0,2,30.84,19,7,0
0,0,21.3,72,8,1
0,2,32.72,30,8,1
1,0,27.76,5,6,0
0,1,28.37,37,8,0
0,1,28.91,42,8,1
0,0,20.98,72,6,2
0,0,20.0,15,5,2
0,0,20.0,13,7,1
0,1,29.18,48,7,1
1,0,23.85,66,5,0
0,1,27.51,15,7,1
1,0,23.04,36,5,1
0,0,20.0,28,7,0
1,1,29.63,15,7,1
0,0,20.93,27,8,1
0,2,30.03,62,8,0
0,2,31.29,30,8,2
0,1,23.18,26,7,0
0,1,29.36,46,7,0
0,2,31.12,66,7,0
0,0,24.36,12,8,1
0,0,24.59,37,7,1
0,0,20.0,22,8,0
1,1,26.97,31,4,1
1,0,20.0,48,7,0
1,1,25.58,23,5,1
0,2,27.88,28,7,1
0,2,36.14,59,7,0
1,1,30.35,41,4,2
0,0,21.17,27,7,0
1,2,29.34,33,5,0
1,1,26.41,31,5,1
1,0,26.66,4,3,2
0,0,20.86,33,8,0
0,2,31.56,9,7,0
1,1,31.69,65,5,0
0,2,36.91,8,6,1
0,2,31.34,21,7,0
0,1,26.21,18,6,1
1,1,30.58,72,6,2
0,1,33.18,63,8,1
0,0,20.0,2,7,0
0,1,28.05,29,6,0
0,1,25.66,10,7,0
1,1,31.7,33,5,2
0,2,30.03,48,6,0
0,1,25.85,36,6,0
1,1,32.13,50,6,1
0,1,35.34,24,8,0
0,1,28.42,36,8,1
0,1,23.46,49,7,0
0,0,20.0,20,7,2
0,1,24.64,14,7,2
1,0,20.0,17,6,1
1,0,23.01,27,4,2
1,1,32.2,30,6,0
1,1,26.18,38,5,1
0,2,35.15,15,8,1
0,1,27.46,50,7,1
1,1,27.8,72,6,0
0,1,25.58,18,6,0
0,1,30.79,72,6,0
1,0,26.2,72,7,0
1,0,24.03,30,7,0
0,0,20.0,26,6,1
0,1,26.23,17,7,0
0,0,20.0,55,7,0
0,0,20.0,31,8,1
0,0,26.13,34,7,1
0,2,32.47,14,6,2
0,0,21.19,56,7,1
0,1,25.83,25,8,0
0,0,20.0,11,8,2
0,1,25.44,28,6,1
0,0,20.0,15,7,0
1,0,30.83,72,5,1
0,1,22.3,72,5,2
0,0,20.0,29,6,0
0,0,20.0,62,8,0
1,0,27.86,61,5,0
0,0,20.04,1,8,0
0,0,20.0,17,8,0
0,0,23.76,32,7,1
0,2,34.19,21,7,0
0,1,27.62,16,5,2
0,1,28.15,64,7,1
0,0,27.18,20,6,1
0,2,38.56,38,7,2
1,0,21.94,60,8,0
0,0,24.87,72,8,1
0,1,27.15,11,7,1
1,0,25.5,12,4,2
0,0,20.0,35,8,1
0,1,25.49,3,6,0
0,2,29.56,13,8,2
0,1,28.48,69,7,0
1,1,33.21,47,3,2
1,2,29.78,27,3,2
0,0,20.0,42,6,0
0,0,23.37,49,7,1
0,0,20.0,8,8,0
0,1,28.19,20,6,0
0,1,27.05,72,7,1
0,2,33.02,35,6,1
0,1,25.19,37,5,2
0,1,22.35,29,7,1
0,0,20.0,5,8,1
1,2,38.13,18,5,2
0,2,32.06,40,6,2
0,2,31.58,20,6,0
0,0,20.0,12,8,2
0,1,25.08,13,8,0
0,0,23.14,72,6,2
0,0,20.0,19,7,0
1,0,20.0,66,5,0
0,1,28.23,37,7,0
0,1,25.39,24,8,1
0,0,20.09,15,6,0
0,0,24.82,48,7,0
1,1,29.94,61,5,1
0,0,20.87,51,5,2
0,0,20.0,8,6,0
0,1,25.34,19,8,0
0,1,27.83,21,8,0
0,0,20.0,3,7,0
0,0,20.6,42,5,2
0,0,20.3,46,5,2
0,2,32.12,45,6,1
0,1,29.11,40,7,0
0,1,27.0,23,6,1
0,0,24.43,15,7,1
0,1,23.02,23,5,2
0,0,20.41,37,7,1
0,1,26.25,70,8,1
1,2,32.79,31,5,1
0,1,28.87,31,8,0
0,2,38.97,4,8,2
0,1,25.95,39,8,1
0,0,21.52,72,7,1
0,2,32.25,27,7,0
0,0,20.0,25,8,1
1,1,24.54,22,6,1
0,0,20.0,49,7,0
0,0,20.0,4,6,0
0,1,31.11,66,8,1
0,0,20.0,25,6,1
0,1,24.96,40,8,1
1,1,32.67,52,4,0
0,0,20.0,13,8,1
1,0,21.7,29,7,0
1,1,30.2,24,8,0
0,0,23.09,10,7,0
0,1,27.51,60,8,0
0,1,26.74,23,7,0
0,2,32.23,10,6,0
0,1,27.2,30,8,0
0,1,26.6,7,7,0
0,1,22.91,20,7,1
0,0,20.14,37,6,1
1,0,20.78,6,5,0
0,1,26.24,47,7,2
1,1,28.56,32,6,0
0,1,33.62,52,7,1
0,2,31.88,51,7,0
0,2,27.79,20,6,0
0,2,31.6,20,7,1
1,1,31.56,42,6,1
0,0,25.02,11,6,2
1,1,28.23,11,6,1
0,0,20.0,17,7,2
0,1,28.45,8,8,0
1,1,25.86,10,5,0
1,1,28.69,10,4,0
1,0,23.23,23,7,0
0,0,20.0,22,8,1
0,1,28.07,57,6,1
1,0,21.95,23,4,0
0,2,31.18,27,6,2
1,0,23.96,72,5,2
1,0,24.45,2,5,0
0,0,20.29,34,8,0
1,1,31.31,25,8,0
1,1,32.53,37,5,0
0,0,21.18,18,7,0
1,0,25.36,23,6,1
0,1,21.25,68,8,0
1,0,24.15,42,6,0
0,1,27.44,24,6,2
1,1,32.19,15,6,1
0,0,20.0,11,5,2
0,0,20.0,19,6,0
1,2,34.28,26,7,0
0,1,27.61,72,8,1
0,1,29.1,32,8,0
1,0,22.78,17,4,0
1,1,32.72,2,7,1
0,0,20.37,14,6,1
0,1,25.63,19,6,0
0,2,31.37,35,6,1
0,0,22.24,20,7,0
0,0,20.98,72,8,0
0,0,26.83,24,8,0
1,0,21.44,59,4,0
1,0,25.55,6,4,0
1,0,22.41,28,3,2
0,1,23.39,15,6,1
0,1,25.97,60,7,1
0,0,20.41,21,8,0
0,2,40.75,69,7,0
0,0,20.0,46,8,0
1,2,32.61,19,4,0
0,0,20.82,11,6,0
0,2,25.78,15,8,1
0,1,25.72,23,8,1
1,2,36.05,46,5,1
0,2,34.38,29,6,1
0,0,22.92,52,7,2
0,2,30.49,72,8,0
0,0,20.0,30,7,0
0,0,20.0,12,8,0
1,0,20.62,38,5,1
0,1,26.93,72,6,2
0,0,20.0,54,6,0
0,1,24.76,36,5,2
1,1,27.01,14,5,2
0,1,27.65,25,8,0
0,2,37.4,6,7,0
1,1,26.1,10,6,0
1,0,20.0,39,4,2
1,0,23.63,5,4,0
1,0,24.05,22,4,1
0,0,20.66,9,8,0
0,0,20.0,11,8,1
1,0,23.4,30,5,0
0,2,33.1,15,6,1
0,1,29.12,7,7,2
1,0,20.0,18,3,2
0,1,24.89,7,5,2
0,0,20.64,66,7,0
0,1,23.25,48,8,1
0,1,31.19,48,8,0
0,1,24.09,14,6,0
0,1,25.88,40,7,1
0,2,33.67,34,6,0
0,2,30.23,15,6,1
0,1,20.46,27,8,2
0,1,24.71,6,7,0
1,1,33.09,11,4,1
0,0,20.0,27,6,0
0,0,20.0,19,6,0
1,0,26.78,37,4,0
0,1,25.01,16,6,2
1,1,28.47,22,6,2
0,0,20.45,28,6,2
1,2,38.31,14,3,2
0,2,39.15,21,6,0
1,1,32.48,33,6,0
0,1,29.48,72,6,1
1,2,34.48,14,5,1
0,0,20.0,19,7,0
0,1,26.19,54,7,0
1,0,24.32,63,5,1
0,1,22.76,42,8,1
0,0,20.0,62,8,0
0,2,33.2,14,8,1
0,2,33.08,58,8,1
0,0,21.51,49,7,1
0,1,26.87,11,8,0
1,2,34.48,22,4,1
0,1,24.46,3,8,0
0,2,28.4,32,7,0
1,1,35.35,57,5,1
1,0,24.04,18,6,1
0,0,20.0,12,7,0
0,0,20.0,11,7,1
0,1,34.81,28,6,1
0,0,20.0,42,7,1
0,1,24.71,72,8,1
0,1,27.25,2,6,1
0,1,27.8,72,8,1
0,2,34.87,33,8,0
1,2,41.42,55,7,0
1,1,31.52,47,5,0
0,2,28.83,29,8,1
0,1,25.23,29,8,1
0,1,26.92,38,6,0
1,2,42.2,23,5,0
0,0,20.0,25,8,1
0,0,23.61,44,8,0
1,2,36.54,14,6,1
1,1,32.51,59,5,0
1,2,35.69,56,4,1
0,2,29.47,19,7,2
0,0,22.25,44,8,0
0,2,33.96,40,6,1
1,1,32.92,18,6,0
1,1,29.96,46,5,1
0,1,24.2,72,6,1
0,2,27.32,60,8,0
0,0,22.46,7,6,1
1,1,31.27,41,5,2
1,1,27.1,54,6,0
0,1,24.38,17,8,0
0,1,24.6,59,7,2
0,0,20.0,15,8,1
1,0,21.55,23,3,2
1,0,20.6,16,5,1
1,2,34.76,13,4,2
0,0,20.0,38,7,0
0,0,20.0,8,7,1
0,2,38.07,24,7,2
0,0,23.76,38,6,1
1,2,33.66,16,4,0
1,1,30.82,66,6,0
1,2,37.25,26,5,0
1,0,27.57,72,7,0
0,0,20.0,7,7,0
1,1,33.28,39,6,1
1,2,34.36,34,8,1
1,1,25.99,21,5,0
0,0,22.17,30,6,1
0,1,29.87,43,8,0
0,1,33.76,49,8,0
1,1,26.4,26,5,0
0,1,28.1,39,7,1
0,2,30.77,14,8,0
0,1,28.35,50,7,0
0,0,20.0,72,8,0
0,1,22.21,53,6,2
0,0,20.0,16,8,0
0,1,26.24,12,7,1
0,1,24.08,72,7,1
1,0,25.98,72,5,1
0,0,23.08,49,7,2
1,0,25.8,72,5,0
0,2,36.86,29,8,0
0,2,33.25,49,6,2
1,0,20.35,66,6,1
0,2,36.09,23,7,1
0,1,24.18,41,8,1
0,0,22.73,61,6,1
1,0,28.72,12,7,2
0,1,27.37,21,8,2
0,1,21.51,60,8,1
0,1,23.25,34,6,0
0,0,23.97,31,5,2
0,0,20.0,28,7,0
0,1,26.24,64,7,0
0,0,22.28,13,8,2
0,0,22.09,20,7,0
0,0,20.84,8,8,0
1,2,35.37,23,8,0
0,2,31.06,33,6,2
0,1,28.57,4,7,1
1,2,37.66,15,7,1
0,0,20.0,34,8,0
0,1,29.25,41,8,1
1,0,23.61,72,6,1
1,1,27.45,45,6,0
0,2,29.72,26,8,0
1,1,27.06,32,5,0
0,0,20.0,33,6,2
0,1,29.7,20,8,1
0,0,20.0,35,7,2
1,2,36.57,19,5,0
0,1,24.03,37,8,1
0,1,25.22,28,8,1
0,1,21.47,25,8,1
0,1,25.34,25,6,2
0,0,20.0,50,8,0
0,1,27.62,47,7,0
0,0,20.67,24,8,1
0,1,22.4,49,7,1
0,2,35.25,28,7,1
0,2,32.63,28,8,0
0,1,26.6,20,8,1
0,1,25.97,72,7,0
1,0,22.45,72,4,0
0,1,26.65,17,6,1
0,0,21.43,23,8,1
0,1,20.76,39,6,0
0,0,20.0,44,7,0
0,0,20.0,12,7,0
0,1,26.77,14,8,0
0,0,23.58,44,7,1
0,1,23.68,7,7,2
0,0,20.0,17,7,0
0,0,20.0,54,7,1
0,1,23.6,53,7,2
0,0,20.0,72,8,2
0,0,22.31,72,8,0
0,1,22.84,72,5,2
0,0,21.28,22,7,0
0,2,26.89,18,7,0
1,0,22.32,40,5,0
0,0,20.0,8,8,1
0,1,31.02,24,7,0
1,0,23.18,33,4,0
1,0,20.0,42,5,0
0,0,20.0,45,8,2
0,0,20.1,24,7,2
1,2,37.84,9,4,0
0,0,21.13,12,7,2
0,1,26.5,3,5,2
0,2,35.49,18,8,1
0,1,24.38,8,8,0
0,2,34.68,20,7,1
0,0,20.0,39,6,2
0,2,29.29,10,8,1
0,0,20.0,32,8,0
0,1,25.18,23,8,1
0,1,25.86,38,6,1
0,0,20.34,45,8,1
0,1,26.19,22,8,0
1,1,27.22,30,6,0
0,0,20.0,24,5,2
0,0,20.0,20,8,2
0,1,30.09,16,8,0
0,1,25.09,42,5,2
0,2,30.53,71,8,0
0,1,30.77,66,8,1
0,2,28.27,9,6,1
0,1,22.62,71,7,2
0,0,20.0,13,7,2
0,0,20.0,33,8,0
0,1,27.29,37,8,2
0,1,28.22,7,6,0
0,0,27.72,26,6,1
1,0,20.0,72,5,1
0,2,33.83,2,8,1
0,1,24.33,72,8,0
1,1,28.24,3,5,2
0,1,24.14,37,7,0
0,0,20.0,7,7,0
0,0,25.05,41,6,1
0,0,22.53,64,7,1
0,0,20.07,52,6,2
0,1,30.05,58,8,0
0,1,21.46,24,8,0
0,2,28.01,72,8,2
0,2,25.47,72,8,1
0,0,20.0,32,7,0
0,1,26.49,21,7,1
0,1,26.31,15,8,1
1,2,36.45,50,7,1
0,0,20.0,60,8,1
0,1,28.41,22,7,2
0,1,26.72,72,8,2
0,0,22.2,47,7,1
0,0,20.0,31,8,0
0,1,26.93,38,7,2
0,1,22.44,12,7,1
0,0,20.0,50,7,1
0,1,27.6,13,8,0
1,0,24.27,19,5,2
0,1,23.45,28,7,1
0,0,20.02,72,8,0
0,2,27.41,35,8,0
1,0,27.45,14,7,2
0,0,20.0,38,7,0
0,0,23.36,45,5,2
1,0,22.42,67,5,1
1,1,28.43,29,4,1
1,0,21.71,16,5,0
0,2,34.63,72,6,0
0,0,20.0,38,5,2
0,0,21.93,14,6,0
1,0,22.85,29,7,1
0,0,20.0,19,6,0
0,0,20.0,70,6,0
0,1,22.46,45,7,0
1,1,30.1,23,6,1
0,1,22.43,60,5,2
0,1,28.78,27,8,0
0,1,25.73,28,8,0
0,0,20.0,15,7,0
0,1,27.97,15,8,1
0,2,34.89,72,7,0
0,1,25.94,58,7,2
0,1,23.69,4,6,1
0,0,20.0,12,8,1
0,1,23.94,10,7,0
0,1,24.15,31,5,2
0,1,26.32,21,7,0
0,2,30.96,72,7,0
0,0,22.06,23,7,1
0,0,20.0,72,7,1
0,1,25.83,28,6,0
1,2,39.55,72,6,0
0,0,21.03,25,8,1
1,0,23.82,25,7,0
0,0,20.0,58,7,2
0,0,20.0,52,7,1
1,1,27.45,8,7,0
0,1,24.38,31,6,1
0,0,22.27,21,6,0
0,0,20.0,20,8,1
0,0,20.0,31,8,1
1,0,29.3,23,6,0
1,1,30.96,34,7,1
1,2,31.78,12,7,2
0,2,30.67,6,8,0
0,0,20.33,59,5,2
1,2,41.11,66,4,0
0,1,22.68,57,7,0
0,1,28.93,30,8,0
0,1,30.2,22,6,0
0,0,20.0,17,6,0
1,0,23.17,15,4,0
0,0,20.0,28,6,2
1,0,23.39,64,4,2
0,0,20.0,16,6,1
0,1,27.98,64,6,0
0,1,29.27,7,8,0
1,1,27.76,35,5,0
0,0,20.0,41,7,1
0,2,31.94,19,6,2
0,2,32.88,11,7,0
1,1,30.75,54,6,0
0,2,31.02,30,7,1
1,1,30.37,72,6,0
0,2,36.55,65,8,0
0,0,21.15,65,8,1
0,0,20.0,1,7,1
0,0,20.0,16,6,0
0,0,20.0,10,8,0
0,0,24.91,3,6,2
0,1,25.45,29,8,0
1,1,29.94,53,7,0
0,1,24.55,12,7,0
0,0,23.3,3,7,0
1,2,41.88,13,4,0
0,1,27.35,26,5,2
0,0,20.25,24,7,0
1,1,30.11,30,5,0
0,0,20.0,40,7,1
0,0,22.24,29,8,1
0,2,32.4,55,6,2
1,0,25.29,12,5,2
0,1,23.87,24,7,0
0,2,30.85,45,8,1
1,1,28.77,37,5,1
1,0,27.06,72,4,2
0,0,20.0,13,7,1
0,0,26.25,46,6,2
0,1,27.29,17,7,1
0,1,22.17,15,7,0
0,0,20.0,62,8,1
0,2,30.04,29,7,2
1,1,23.42,36,4,2
1,0,28.8,18,4,0
0,1,28.11,19,8,1
1,1,31.6,6,6,0
0,0,20.5,34,8,0
1,0,20.0,11,4,0
0,2,30.55,26,8,0
0,1,28.53,55,7,2
1,1,26.85,4,6,0
0,1,20.0,72,6,2
0,0,20.0,15,8,0
0,0,20.0,27,8,0
0,1,26.41,36,7,0
0,0,22.19,15,6,0
0,0,21.91,20,7,0
0,2,32.78,64,8,0
0,2,35.59,51,8,1
0,1,21.44,24,8,0
0,2,33.51,29,8,0
1,0,25.88,33,5,0
0,2,28.28,44,6,2
0,0,20.0,47,7,2
0,2,29.76,46,7,1
1,2,34.02,21,4,0
0,1,28.26,32,6,0
0,2,30.16,59,7,2
0,1,23.43,72,6,0
0,0,20.0,31,8,0
0,1,29.36,19,8,0
1,1,30.04,14,5,0
1,0,23.46,46,4,0
0,1,25.67,6,6,1
0,2,35.88,46,8,0
1,0,21.75,47,6,1
0,1,29.95,19,6,0
0,2,32.63,35,8,0
0,2,31.52,25,6,2
0,2,39.5,8,7,0
0,1,22.83,44,7,2
0,2,30.94,41,8,1
1,1,26.3,21,5,0
1,0,26.86,72,4,2
0,1,31.07,30,8,0
0,1,31.01,4,5,2
1,0,27.67,61,7,0
1,1,29.41,52,6,2
0,1,24.9,56,7,0
1,0,20.0,12,8,1
1,1,36.11,35,4,1
0,1,27.41,29,5,2
0,1,24.52,26,8,2
0,0,23.98,72,8,2
0,0,20.0,30,6,2
0,0,21.22,21,8,0
1,2,35.48,21,8,0
0,0,21.92,11,6,0
0,1,25.81,32,7,0
0,0,20.0,72,7,0
0,0,20.23,23,6,1
1,2,39.15,36,5,0
0,1,25.91,25,8,1
0,0,22.33,28,8,0
0,1,22.86,53,8,0
0,0,20.0,11,6,1
0,1,24.13,7,7,1
0,1,28.24,61,6,1
0,0,20.09,19,6,1
0,0,22.07,21,7,0
0,0,23.26,72,8,1
0,2,34.07,52,8,0
1,2,36.82,14,8,0
0,0,20.0,64,8,0
0,1,25.99,52,8,0
0,0,20.0,1,8,0
0,0,20.0,33,8,2
0,1,24.88,11,6,2
0,2,29.06,27,7,0
1,2,30.13,72,7,0
0,1,24.0,55,8,0
0,0,20.58,60,6,0
0,1,21.96,25,5,2
1,0,24.05,60,5,0
0,1,31.7,16,7,1
0,0,23.07,33,8,0
0,1,30.93,53,6,2
0,0,21.17,52,8,0
0,0,23.5,7,8,1
1,2,33.83,72,7,0
0,0,20.0,13,7,1
0,1,20.0,72,7,0
0,0,23.56,54,6,0
0,0,24.62,51,7,2
0,0,20.0,14,5,2
0,0,20.0,19,8,2
1,2,33.74,72,5,1
0,0,21.15,72,5,2
0,2,35.37,26,8,0
0,1,20.77,24,8,0
0,1,27.23,25,8,0
0,1,25.17,65,6,1
0,1,26.34,60,6,0
0,1,27.38,39,7,0
1,0,23.44,33,6,1
1,0,23.69,26,4,2
0,2,31.36,72,8,0
0,2,34.91,8,6,0
0,2,33.26,22,8,0
0,1,26.66,37,8,0
0,1,22.19,6,8,0
0,1,24.86,18,7,1
0,1,28.7,72,7,1
0,0,20.11,58,8,1
0,1,27.98,18,8,0
0,0,25.3,18,8,2
0,0,23.12,8,6,0
0,2,32.28,20,7,1
0,0,20.0,45,7,2
0,0,20.0,39,7,0
1,0,23.49,21,6,0
0,2,31.02,13,7,2
0,1,27.17,25,7,0
0,1,25.54,25,7,1
0,2,31.04,53,7,0
0,2,26.66,35,7,1
0,0,20.0,32,8,0
1,1,31.43,69,6,0
1,1,35.15,72,7,1
0,1,25.71,39,6,0
0,0,20.98,40,7,0
0,2,34.86,27,7,0
0,1,23.57,14,7,0
1,0,25.1,56,6,0
0,1,23.78,48,7,0
0,0,22.59,29,6,2
0,0,20.45,35,7,0
0,1,26.9,66,8,1
0,0,20.0,72,6,0
0,1,28.12,1,8,0
0,1,32.25,17,7,2
1,0,20.98,29,6,0
1,2,34.98,11,7,2
0,0,20.69,36,7,0
0,0,22.36,18,8,1
0,0,20.0,37,7,1
0,0,20.0,18,8,2
0,0,24.08,19,7,1
0,1,28.28,37,8,1
0,2,26.77,57,6,0
0,0,20.0,46,8,0
0,1,30.7,29,5,2
0,1,30.34,4,8,0
1,2,38.82,19,6,0
1,1,29.47,17,4,1
0,0,20.25,50,8,0
1,0,23.61,33,7,2
0,1,29.38,34,7,1
1,2,33.37,15,6,1
1,0,21.58,72,5,2
0,0,23.03,34,6,0
0,2,31.87,14,7,0
0,2,36.14,15,7,1
0,2,29.99,38,8,0
0,1,25.84,13,6,1
0,0,20.0,17,8,2
0,1,26.02,10,6,0
1,1,25.56,50,6,0
1,0,22.54,14,5,2
0,1,21.69,72,8,0
0,1,28.08,41,7,1
0,0,22.15,10,6,0
0,1,20.81,46,8,2
1,1,34.0,72,4,1
0,2,39.49,28,8,1
0,0,20.14,72,5,2
0,0,20.0,42,6,0
0,1,34.47,18,8,0
0,0,20.0,72,7,2
1,1,30.06,8,5,0
0,1,26.54,23,7,1
0,0,24.04,29,6,2
0,1,27.08,72,6,1
1,1,28.5,51,7,1
1,0,21.15,45,3,2
0,2,30.97,16,5,2
0,2,28.98,27,8,0
0,1,26.14,18,8,0
0,1,24.31,44,7,0
1,1,25.52,67,5,1
0,2,35.77,72,7,1
0,1,24.51,20,6,1
0,1,22.2,8,8,0
0,2,31.5,23,6,1
0,0,20.21,61,7,0
0,2,26.76,14,8,1
0,0,20.99,30,8,1
0,0,20.0,45,7,0
0,0,25.13,21,6,0
0,2,33.57,35,8,1
0,2,30.8,13,8,1
0,1,23.76,71,8,0
0,1,25.69,24,8,2
0,1,27.84,34,8,1
0,2,31.92,4,6,2
0,1,25.35,11,8,0
0,0,20.18,60,7,1
1,0,22.19,20,6,2
0,1,24.97,13,7,1
0,1,20.0,7,8,1
0,0,22.92,70,8,0
0,0,20.9,49,8,0
0,2,29.68,47,6,0
0,0,25.7,72,6,0
0,1,26.26,23,7,0
0,2,28.89,8,7,0
0,1,28.57,31,6,2
1,0,25.19,72,6,0
0,1,27.18,31,7,1
0,2,30.72,66,6,2
0,1,27.35,8,8,1
0,2,31.21,15,7,0
0,0,21.67,57,8,1
0,1,20.29,34,8,1
0,1,24.7,27,8,1
1,2,41.17,65,5,1
1,0,21.7,57,3,2
0,2,30.19,35,8,1
0,1,24.66,1,7,0
0,0,20.0,30,6,1
0,0,20.0,41,8,0
0,2,31.31,5,6,2
1,0,24.41,40,7,0
0,0,20.0,68,7,0
1,0,23.57,30,4,2
0,2,32.13,12,6,1
0,1,29.07,2,7,0
0,1,25.43,41,6,1
1,0,22.28,5,5,2
0,1,25.16,47,7,0
1,1,31.74,72,4,2
0,2,36.24,16,7,0
0,2,30.12,25,8,1
1,0,24.3,72,4,2
0,1,27.02,33,7,0
0,0,20.0,20,7,0
0,1,26.06,61,8,0
1,0,20.0,21,4,1
1,0,20.0,15,7,1
0,0,21.1,46,7,1
0,1,24.85,64,7,0
1,0,24.61,15,5,0
0,1,25.95,35,8,0
0,1,23.07,26,8,0
1,0,23.86,29,4,1
0,1,22.3,12,5,2
0,0,24.17,49,8,1
0,1,21.93,72,8,0
1,1,29.41,15,4,2
1,0,20.87,49,4,1
1,0,25.71,60,3,2
0,0,20.0,35,7,1
1,2,34.44,47,4,0
1,1,32.56,16,4,0
0,1,26.09,72,6,1
1,1,31.55,65,6,0
0,0,20.0,70,7,0
0,1,21.79,10,6,1
0,1,26.32,43,7,1
0,0,20.0,17,8,1
0,0,21.88,72,7,0
0,0,20.0,15,7,0
0,1,26.62,36,8,1
0,2,27.13,3,6,2
0,0,25.67,36,8,1
0,1,25.51,10,5,2
0,0,22.09,45,7,1
1,2,33.49,26,4,1
0,0,20.92,22,8,0
0,1,22.09,72,6,1
1,1,31.36,72,5,1
0,1,24.93,7,8,1
0,1,26.09,23,6,1
0,0,22.09,54,6,1
1,0,20.3,39,6,0
0,0,20.0,52,6,1
1,0,25.37,28,4,0
0,1,32.29,67,7,2
1,0,23.59,35,7,0
1,0,25.77,41,4,0
1,1,29.68,10,4,0
0,2,37.83,32,8,1
1,1,24.76,55,5,0
0,0,20.28,38,7,0
0,0,20.0,33,6,1
0,2,24.48,43,7,0
1,0,24.89,34,4,2
1,0,24.42,29,6,2
1,1,29.15,56,8,1
0,1,25.68,27,7,0
0,1,35.29,10,8,1
0,0,20.0,72,7,0
0,0,21.53,18,7,1
0,2,30.05,7,7,0
0,0,20.89,47,7,2
0,1,25.29,72,6,0
0,1,24.77,48,7,1
0,1,31.46,72,8,1
0,0,23.53,13,7,1
0,0,20.41,10,8,0
1,1,23.09,22,4,2
0,2,30.92,63,8,1
0,2,40.11,45,7,1
0,0,20.0,47,6,0
0,0,23.31,33,6,1
1,2,40.33,23,5,0
1,1,30.66,34,5,0
0,2,29.47,26,6,0
0,0,20.0,22,6,2
1,1,32.05,40,6,0
1,1,27.56,24,5,0
0,1,26.53,37,8,1
0,1,22.25,4,8,1
0,0,20.0,35,6,0
1,1,30.1,24,5,1
0,0,20.81,72,7,0
1,1,26.66,7,4,0
0,2,35.59,33,6,0
0,0,20.0,55,6,2
0,2,26.98,27,6,0
0,0,20.0,24,8,0
0,1,26.1,55,7,0
0,2,32.48,44,7,2
0,0,24.09,46,8,0
1,0,23.29,22,5,0
0,1,25.64,19,7,0
0,0,20.0,37,8,0
1,1,32.46,58,4,1
1,2,36.55,8,6,1
1,1,28.74,28,5,0
1,0,20.0,20,5,0
0,1,30.33,31,7,0
0,1,22.32,52,7,0
1,0,22.23,15,5,0
0,1,27.08,48,7,1
0,1,22.41,22,6,2
1,1,25.52,65,6,2
0,0,20.0,15,6,2
0,1,28.16,58,6,1
0,0,20.0,9,8,1
0,0,28.78,35,6,0
0,2,29.02,48,8,1
0,1,23.24,16,8,1
1,0,22.3,21,5,1
0,0,20.73,31,8,1
0,0,20.0,24,8,0
1,0,25.84,19,5,0
1,0,21.06,56,3,2
1,0,20.0,69,8,0
1,1,24.61,66,6,1
0,1,20.0,43,8,2
0,1,24.45,47,8,1
0,1,25.1,14,8,1
0,0,20.0,29,6,0
0,2,35.73,33,7,0
0,2,35.68,38,6,2
0,2,31.0,37,7,1
0,2,26.62,31,7,1
0,2,30.3,42,6,0
0,1,24.2,36,7,0
0,0,20.0,36,6,2
0,1,23.91,17,8,0
1,1,28.04,11,5,1
0,1,24.84,38,8,0
0,1,24.09,21,8,1
0,0,20.62,18,7,2
1,0,25.08,49,7,1
0,2,29.27,29,8,0
0,1,29.81,72,7,1
0,1,23.06,45,7,1
0,0,20.0,16,8,0
1,0,25.14,50,4,2
1,2,33.55,41,7,1
0,1,26.96,15,8,2
1,1,22.79,19,6,1
1,1,34.18,48,5,0
0,1,28.02,5,6,0
1,0,20.0,3,5,0
0,1,21.56,35,6,2
0,1,31.02,33,6,1
0,1,23.79,37,6,1
1,1,27.5,33,4,0
0,2,25.2,42,7,0
1,0,22.95,70,7,1
1,2,35.32,31,5,1
0,0,22.15,8,7,0
1,1,25.8,4,5,1
0,0,20.0,23,8,0
0,0,21.35,24,8,0
0,1,29.02,9,8,1
0,0,20.0,2,8,0
1,1,33.24,22,6,2
1,2,36.11,72,5,0
0,0,23.28,41,8,0
0,1,25.79,38,7,0
0,1,20.0,27,6,1
0,1,25.54,23,7,0
1,0,27.18,44,8,1
0,0,20.0,10,7,0
0,0,20.0,72,8,0
0,0,20.0,11,7,0
0,0,20.0,46,7,2
1,1,35.01,12,8,2
0,2,29.3,33,6,0
1,2,37.52,50,5,1
0,1,25.74,6,7,2
1,0,27.77,13,5,0
0,0,21.22,14,8,2
0,0,20.0,25,8,0
1,0,21.32,37,7,2
0,1,28.39,72,8,1
1,1,24.38,19,3,2
0,0,21.94,72,7,1
0,0,20.0,40,8,0
0,2,35.76,11,6,2
0,1,26.48,27,8,0
0,0,21.93,8,7,0
0,2,32.25,23,8,1
0,2,26.74,22,8,1
0,0,20.0,34,5,2
0,0,22.02,47,8,0
1,1,30.5,28,4,1
1,2,39.54,12,5,1
1,2,37.21,72,7,0
0,0,20.0,72,6,0
0,0,20.0,26,8,0
1,1,30.31,38,4,0
0,1,20.0,25,8,2
0,0,25.02,34,8,1
0,2,33.33,35,8,1
0,1,29.68,9,7,2
1,2,31.26,23,5,0
0,2,35.73,61,6,2
0,1,32.69,58,6,0
0,1,22.04,23,8,2
1,1,32.31,36,5,0
0,0,20.0,24,5,2
0,1,21.37,48,7,0
0,0,21.48,6,7,0
1,1,32.5,44,5,1
0,0,20.0,72,6,0
0,0,23.5,17,7,1
0,0,20.0,72,8,0
0,0,20.0,37,8,1
0,1,26.41,28,7,0
0,1,26.08,23,6,0
1,1,27.85,72,6,0
0,0,22.43,25,8,1
0,0,21.59,72,7,0
1,0,26.57,72,4,0
0,0,20.0,20,7,0
0,2,33.81,26,8,0
0,0,20.0,4,6,1
0,0,26.16,29,8,2
1,0,21.56,32,4,0
0,0,26.32,66,8,1
1,1,30.1,72,7,1
0,1,21.87,51,7,0
0,0,24.1,62,6,1
0,0,20.38,26,7,0
0,0,22.55,10,7,1
0,0,23.67,37,8,0
1,0,25.01,65,7,1
0,2,30.22,1,6,1
1,1,32.93,33,5,0
0,1,26.0,5,8,0
1,1,32.06,15,4,2
1,1,23.54,34,7,0
1,1,31.34,72,6,1
1,1,28.08,31,5,2
1,1,34.96,49,4,1
0,0,21.87,37,7,1
0,1,26.72,16,8,1
0,1,27.46,42,6,2
1,2,33.0,10,5,1
0,1,30.87,30,7,1
1,1,35.97,72,8,0
0,0,21.18,35,5,2
0,1,30.77,37,6,1
0,0,20.0,23,8,0
0,0,20.0,7,8,2
0,0,20.12,25,7,1
0,1,27.3,56,7,0
0,0,20.0,40,8,1
0,0,21.61,10,7,0
0,2,32.92,4,5,2
0,0,20.0,16,7,0
1,1,31.56,25,3,2
0,1,28.59,27,7,1
0,0,20.51,27,8,0
0,1,29.46,30,6,2
0,0,20.0,41,8,1
0,1,27.4,22,8,0
0,1,22.49,13,8,1
0,1,22.66,45,6,2
0,1,24.11,56,8,0
0,0,20.0,19,7,0
1,0,22.36,72,4,0
1,1,29.36,72,4,0
0,1,28.51,11,8,1
0,2,31.04,5,8,1
0,2,27.24,26,7,0
0,2,35.42,37,6,0
1,1,27.49,72,6,0
0,0,20.0,72,6,2
0,1,27.34,49,7,0
0,1,26.6,22,6,2
0,0,23.28,68,8,1
0,2,33.44,33,8,0
0,2,29.42,9,8,2
0,1,32.54,9,6,1
0,0,20.58,22,8,1
0,0,20.0,60,8,2
0,2,34.89,12,8,0
0,2,32.75,22,8,0
0,0,21.2,72,7,1
0,0,27.48,40,8,0
0,2,31.17,44,8,0
0,0,20.0,62,7,0
0,1,26.35,23,7,0
1,2,39.21,72,5,1
0,0,20.0,50,8,0
0,1,20.1,28,7,1
0,0,20.0,72,6,1
0,0,20.0,48,7,0
0,2,30.73,30,8,0
0,1,27.51,45,6,1
1,2,33.33,14,4,0
0,1,21.72,68,7,1
0,0,20.21,72,8,2
0,0,22.59,6,7,0
1,0,20.0,19,5,1
0,0,22.46,17,7,1
1,0,26.45,52,4,0
0,0,22.86,36,6,2
1,1,33.66,21,4,2
0,1,32.61,24,7,0
1,1,28.93,20,5,1
0,1,26.33,48,6,2
1,0,22.75,35,3,2
0,0,20.01,23,7,1
0,1,30.6,20,7,1
0,1,21.96,72,7,0
0,0,20.0,67,6,2
0,2,36.13,48,8,0
0,1,29.06,62,6,1
0,1,24.91,9,6,0
0,0,22.56,12,7,0
1,1,31.02,11,4,0
0,1,30.5,31,6,2
1,1,30.22,63,4,0
0,1,29.08,22,8,1
0,2,39.93,69,8,0
1,1,31.79,19,5,0
0,0,20.15,27,7,0
0,1,28.17,21,6,1
0,1,24.9,26,6,0
0,1,33.16,28,8,0
0,0,20.54,5,8,0
1,0,23.18,40,5,0
1,2,33.49,27,3,2
0,1,29.29,72,8,2
0,2,34.6,46,8,0
0,1,24.51,38,6,1
0,1,27.73,72,8,2
0,1,21.47,72,6,0
0,2,32.55,72,7,2
0,1,27.36,20,7,2
1,1,35.12,10,4,0
0,0,20.0,5,8,0
0,1,22.16,61,8,2
0,1,23.31,4,7,1
0,0,20.0,36,6,0
0,0,24.01,7,7,0
1,0,28.65,67,7,0
0,0,20.96,44,8,1
1,0,27.66,67,8,1
0,1,26.4,36,7,2
0,2,31.71,13,7,0
0,1,25.0,21,8,1
0,0,20.0,57,8,1
1,0,20.0,6,6,0
1,1,30.79,19,6,0
0,0,20.0,17,6,2
0,2,34.24,28,6,2
0,1,26.28,47,7,1
1,1,29.51,66,7,1
0,0,20.0,8,6,0
0,1,26.22,14,6,1
0,0,22.21,9,8,1
0,2,28.57,29,8,1
0,1,26.26,10,8,2
0,0,20.7,39,7,1
1,0,21.85,72,5,0
0,0,20.0,5,6,1
0,1,26.69,14,7,0
1,0,20.6,72,4,0
0,1,27.05,35,7,0
1,0,21.31,20,7,0
0,1,29.19,72,8,1
0,2,39.01,24,8,1
1,1,27.42,46,4,1
0,1,27.6,15,8,1
0,0,20.0,13,7,0
0,0,23.12,48,6,2
0,1,22.2,72,8,0
0,0,21.44,21,8,0
0,1,23.38,12,8,1
1,0,23.38,60,4,0
0,0,20.0,21,7,0
0,0,22.47,40,6,1
0,2,29.49,20,8,1
1,0,25.66,23,5,0
0,1,24.97,14,5,2
1,0,23.66,49,4,1
0,1,26.44,41,6,2
0,0,20.0,40,8,0
0,2,32.63,16,6,1
0,2,36.59,38,8,2
0,0,20.0,72,7,1
0,2,35.52,12,8,1
1,2,40.49,15,5,0
0,2,29.55,16,6,0
0,2,27.63,33,8,1
0,0,20.91,11,8,0
0,1,24.36,44,6,2
0,0,25.61,4,8,0
0,0,20.1,53,7,2
0,2,29.59,39,8,2
0,0,20.0,72,7,0
0,1,29.27,12,7,0
0,2,30.29,62,5,2
1,2,36.13,28,5,2
1,2,38.87,23,8,0
0,0,20.0,12,7,0
1,0,23.86,20,7,1
0,1,25.95,21,7,1
0,0,22.05,7,7,0
0,0,21.77,39,8,1
0,0,20.0,35,8,0
0,1,26.19,46,6,0
1,1,28.88,18,7,0
0,0,20.0,55,7,0
0,1,26.77,72,8,0
0,0,25.68,25,8,1
1,0,21.35,13,6,0
0,1,23.68,31,8,0
0,1,23.39,30,7,0
0,1,28.17,26,7,2
0,0,21.35,46,8,0
1,2,35.52,22,6,0
1,1,27.25,12,5,1
0,1,26.28,34,6,2
1,1,25.31,48,6,0
0,2,32.43,50,7,1
1,1,32.61,21,8,1
0,1,22.25,37,8,1
0,2,27.4,72,8,0
0,1,30.74,63,7,1
0,1,24.16,6,6,0
0,1,29.41,23,8,1
0,0,20.0,72,7,1
0,0,20.0,6,8,0
0,1,27.32,28,8,2
0,2,29.35,18,6,0
0,2,32.4,38,5,2
1,0,22.86,3,4,1
0,1,22.04,68,8,0
0,0,21.01,29,8,0
0,2,31.21,11,8,2
1,2,35.53,16,5,0
0,1,22.37,39,7,0
0,2,36.77,15,8,0
1,1,32.63,72,5,1
1,1,32.89,27,4,1
0,0,20.0,72,7,0
0,1,20.81,34,7,0
0,1,31.86,49,6,0
1,1,29.82,47,6,0
0,0,20.0,20,8,0
0,2,33.25,49,8,1
1,0,27.5,21,8,0
0,1,25.93,6,8,0
0,1,29.84,25,8,0
0,1,29.25,9,8,2
0,1,22.77,21,7,2
0,0,20.0,29,6,2
0,0,22.87,13,7,0
0,1,20.0,44,8,0
0,1,25.55,21,6,0
1,0,20.0,9,7,0
0,1,24.57,13,8,1
1,1,29.1,32,5,1
0,1,24.93,24,6,2
1,2,34.34,37,6,2
1,0,20.71,32,7,0
0,0,26.88,12,7,1
0,1,31.6,17,7,0
1,1,26.51,54,7,0
0,1,30.75,14,8,1
0,2,30.8,72,6,0
0,2,32.39,7,7,0
1,2,35.81,53,7,0
1,1,28.02,27,5,1
1,1,32.95,12,7,1
0,1,26.38,31,6,0
1,0,22.57,14,4,2
0,1,22.09,18,8,0
0,0,20.0,21,6,0
0,2,27.08,50,8,1
0,1,26.04,17,6,1
0,1,22.41,35,6,2
0,0,20.0,52,8,0
0,0,24.11,31,6,1
0,0,23.6,39,6,1
0,1,25.9,29,5,2
0,0,20.0,44,7,0
0,1,31.64,9,8,1
0,2,33.56,72,7,1
0,2,31.02,16,7,0
0,1,21.72,27,6,1
0,0,21.18,4,6,0
0,2,34.49,19,8,1
0,2,30.11,36,7,2
0,0,20.87,72,8,1
1,1,28.91,45,4,1
0,0,20.0,20,8,1
0,2,24.54,6,8,0
0,2,31.33,71,8,0
0,0,22.91,20,8,1
0,2,30.11,36,7,0
0,1,26.16,21,7,0
0,2,29.73,40,8,1
0,1,27.08,69,8,0
0,2,31.35,50,7,0
1,0,21.18,24,6,1
1,0,28.0,72,6,0
0,0,22.79,72,6,2
1,2,34.19,59,6,2
0,2,33.49,21,8,1
0,2,33.61,53,8,0
0,2,33.93,58,8,1
0,0,20.0,24,7,2
1,0,27.02,72,4,1
0,0,20.0,67,8,0
1,0,22.93,25,5,1
0,0,27.91,21,5,2
1,1,30.91,58,6,1
0,0,20.0,72,8,1
0,0,20.0,9,8,1
0,0,24.17,41,8,1
0,0,20.0,53,6,0
0,2,28.99,68,8,1
0,1,25.01,53,6,0
1,2,40.25,20,5,0
0,1,28.32,8,8,0
0,0,20.0,23,6,1
0,1,26.92,52,7,0
0,0,20.0,18,6,1
0,0,20.42,72,6,1
0,0,20.22,27,7,0
0,0,22.91,17,8,0
0,0,22.9,44,7,0
0,0,21.48,25,6,2
0,1,24.91,21,8,1
0,0,22.23,72,8,1
0,0,20.0,18,7,0
0,2,28.75,22,7,1
0,0,20.0,45,5,2
0,0,20.25,72,8,2
1,2,38.73,42,5,1
0,0,20.0,32,8,0
1,0,20.37,72,6,0
0,1,26.17,21,8,0
0,0,20.34,22,8,0
0,1,26.56,18,7,0
1,2,38.76,40,7,0
0,0,23.06,14,6,0
1,1,28.22,11,8,2
1,1,28.15,22,7,1
0,0,20.0,6,5,2
0,1,28.1,36,7,1
0,0,24.35,40,7,0
0,1,25.05,45,7,1
1,0,23.28,55,6,0
1,1,34.4,23,4,1
0,0,21.52,69,7,0
0,2,33.31,64,7,2
1,0,20.43,12,5,0
0,1,28.04,29,8,0
1,1,27.21,2,7,2
0,1,22.6,70,8,0
0,1,24.96,54,7,1
0,1,24.24,72,8,1
0,1,25.34,7,7,2
0,2,27.68,43,7,2
0,0,22.88,19,7,2
0,1,29.38,4,8,0
0,2,26.16,60,6,2
1,2,38.94,10,4,1
0,2,29.57,39,6,1
0,0,22.57,19,6,0
0,0,20.0,34,8,1
0,1,26.09,55,8,2
0,1,25.44,34,6,2
0,1,29.64,14,6,0
0,1,22.28,72,8,0
0,2,33.82,23,6,0
0,0,23.3,16,5,2
0,2,34.15,28,8,1
1,1,36.97,7,4,1
0,0,20.0,17,7,0
0,1,28.87,24,7,0
0,1,25.68,36,8,1
0,0,23.7,31,6,2
0,0,20.0,43,8,1
0,2,30.84,29,8,0
1,0,27.92,64,5,1
0,1,24.53,48,8,0
0,1,21.76,40,7,2
0,1,24.45,71,6,0
0,1,27.86,71,8,1
0,0,24.18,33,8,0
0,1,26.33,22,8,1
0,0,23.95,35,8,1
1,1,25.93,27,7,1
0,0,20.0,21,7,0
0,1,25.13,34,7,0
0,0,20.0,39,7,0
0,0,20.25,47,8,1
0,0,22.07,72,8,0
0,0,20.0,37,8,1
0,2,32.42,29,8,2
1,0,23.86,59,6,2
0,2,29.22,15,7,0
0,2,31.66,6,7,1
1,1,29.57,42,6,0
0,0,20.0,23,7,1
0,0,20.1,24,6,2
0,1,26.23,15,7,0
0,0,20.0,67,6,0
0,0,23.82,6,6,2
1,1,26.49,45,5,2
0,2,29.84,30,8,0
0,1,34.34,72,8,1
0,0,20.0,59,7,0
0,1,21.94,11,8,0
0,0,22.2,48,7,2
0,0,20.0,41,6,2
1,2,35.29,28,4,1
0,0,26.44,46,7,0
0,0,20.0,17,5,2
0,0,20.0,32,7,0
0,2,27.5,30,7,0
0,1,28.7,15,8,1
0,1,29.37,23,8,0
1,1,28.46,20,6,1
0,0,22.05,39,6,1
0,1,30.17,70,7,0
1,0,29.36,9,6,0
1,0,23.26,40,5,0
0,1,20.0,19,7,0
0,2,29.54,56,7,1
0,0,20.0,40,6,2
1,0,23.22,7,5,0
1,0,23.44,34,5,0
0,0,23.36,27,6,1
1,2,39.82,10,6,2
0,1,25.48,20,8,0
0,1,29.3,33,8,0
0,1,27.07,20,8,1
1,0,24.19,61,5,0
0,1,28.72,27,7,0
1,1,30.22,18,7,1
1,1,36.17,34,5,1
0,2,27.68,38,8,1
0,1,24.45,57,6,1
0,0,20.0,31,7,1
0,2,33.32,37,7,0
0,0,23.8,47,8,0
0,0,20.0,15,8,0
1,0,20.0,54,5,0
0,0,22.53,10,7,1
0,1,28.26,33,8,2
0,1,20.17,33,6,2
0,2,31.99,32,8,1
0,1,21.23,9,7,0
0,1,24.01,1,8,0
1,0,21.29,24,6,2
0,0,22.43,39,7,1
1,1,30.35,72,5,1
1,1,26.14,39,5,1
0,2,34.64,10,7,1
1,0,20.0,25,5,2
0,0,20.99,26,8,0
1,1,27.56,69,6,1
0,0,20.0,40,5,2
1,0,25.51,12,4,0
1,1,31.56,19,4,1
1,0,28.01,51,8,0
1,1,29.75,35,3,2
0,0,20.92,30,6,0
0,0,20.0,25,7,1
0,0,20.55,50,8,0
0,2,33.32,22,8,1
0,0,20.0,18,7,0
0,1,20.59,56,6,0
1,0,24.99,1,5,1
0,1,27.09,11,7,2
1,0,21.96,16,5,0
0,1,22.15,59,7,0
1,1,34.43,33,6,1
1,2,37.47,10,5,1
0,0,20.0,10,6,2
0,0,20.0,60,6,0
1,0,21.53,10,6,1
0,2,35.91,17,6,0
0,1,26.41,21,8,0
0,1,24.35,43,7,1
0,0,21.53,20,7,1
0,0,20.0,8,8,1
0,0,24.5,45,6,0
0,2,36.06,45,8,0
0,1,24.6,72,8,0
1,2,34.11,36,7,2
0,0,20.0,9,7,0
1,1,25.56,72,5,0
0,1,21.98,21,8,0
0,0,20.41,53,8,1
0,2,31.02,72,7,0
0,2,27.96,31,7,2
0,2,31.16,29,7,0
0,1,27.52,36,6,2
0,0,21.58,41,7,0
0,0,20.0,59,8,1
0,2,31.62,26,8,2
0,0,20.0,30,8,0
0,1,28.71,19,8,2
1,1,32.35,19,6,1
0,1,23.31,14,8,2
0,2,29.7,20,8,1
1,0,22.62,12,7,0
0,0,20.0,54,8,0
0,0,21.01,47,7,0
1,1,29.18,27,7,0
0,0,22.91,35,7,0
0,0,20.0,14,8,0
0,2,30.14,29,6,0
0,2,27.48,65,8,1
0,0,20.0,63,8,0
0,0,20.0,72,8,0
0,2,34.99,54,6,1
0,0,20.0,37,6,0
1,0,24.37,52,6,0
1,0,22.86,10,4,0
0,1,22.19,50,7,2
0,0,20.0,56,7,2
0,2,33.8,28,7,0
0,1,22.38,31,7,1
0,1,28.43,24,6,1
0,0,20.0,27,8,1
1,1,28.55,33,4,1
0,1,27.59,36,8,1
0,1,24.01,14,7,0
0,1,26.11,16,7,0
0,1,25.06,47,7,1
1,2,36.39,39,4,2
0,2,24.86,15,7,1
1,1,24.51,27,5,2
0,0,21.85,72,7,2
0,0,23.11,3,8,0
0,0,20.0,1,6,1
0,1,25.27,3,8,1
0,1,26.88,72,8,2
1,1,32.08,11,5,2
0,2,25.92,23,8,1
0,2,29.34,44,6,0
0,2,31.0,42,6,1
0,0,22.11,24,8,0
0,1,33.5,72,7,1
1,0,23.32,51,3,2
1,0,20.0,17,6,0
1,0,25.21,12,7,1
0,0,23.96,33,7,0
0,1,26.32,53,7,0
0,2,29.28,72,7,0
0,0,22.87,37,7,1
1,1,31.99,22,5,2
0,1,22.92,70,8,2
0,0,21.14,63,8,0
0,1,28.99,51,6,2
0,0,23.55,10,8,1
0,1,25.8,23,8,0
0,1,24.93,25,6,0
0,0,23.68,51,7,0
0,0,20.0,4,8,2
0,1,27.32,21,8,1
1,2,31.89,30,7,1
1,0,27.2,25,6,0
1,1,29.23,72,4,1
1,1,33.81,59,5,0
0,2,33.47,59,8,0
0,2,28.33,20,8,1
0,1,30.27,34,8,0
0,1,30.65,14,6,2
1,2,38.65,14,4,0
0,0,20.0,60,8,1
1,0,23.08,53,5,0
0,0,20.44,13,7,1
0,2,29.89,32,8,0
0,2,37.08,7,6,0
1,0,24.43,43,6,2
0,1,20.0,13,6,0
0,1,27.02,32,7,2
0,0,20.0,72,6,2
0,2,31.78,11,8,0
0,0,20.0,38,8,0
0,0,22.42,29,7,1
0,1,29.36,10,5,2
0,1,26.85,16,7,2
0,0,20.0,41,6,1
0,1,25.88,25,8,1
0,1,26.06,72,8,0
0,0,20.0,42,7,2
0,0,21.74,12,7,2
0,1,27.38,55,6,0
1,0,28.62,59,4,0
0,2,35.77,36,8,0
0,2,29.94,45,7,0
0,2,34.46,36,6,2
0,0,20.0,68,8,0
1,2,38.09,63,6,0
0,1,24.45,7,8,0
0,0,20.0,6,7,2
0,0,20.84,25,8,1
0,0,20.0,52,7,0
0,1,20.75,67,6,0
1,1,29.47,22,4,2
0,0,20.25,25,7,2
0,1,24.89,23,8,0
0,0,20.0,28,8,0
1,1,27.55,33,7,0
0,0,21.17,20,7,0
1,2,37.75,23,5,1
0,2,31.95,39,6,2
0,1,29.47,9,8,1
0,0,21.19,72,5,2
0,0,20.0,51,7,0
0,2,31.16,72,6,1
1,0,20.0,13,7,1
0,0,20.0,18,7,0
0,0,23.34,2,8,0
0,1,28.06,31,7,1
1,1,34.21,31,4,0
1,2,35.09,36,6,0
0,0,24.04,5,6,1
1,0,23.42,29,3,2
0,2,36.41,38,7,1
0,2,31.93,42,6,2
0,0,22.12,19,8,0
1,1,34.43,72,4,1
0,0,20.0,25,8,1
0,2,32.66,33,6,2
0,0,23.87,22,8,0
1,2,35.6,19,6,1
0,1,22.04,48,8,1
0,1,32.43,6,8,0
0,0,20.0,50,7,0
0,1,26.48,32,7,0
0,1,29.47,26,6,0
1,0,22.17,10,4,2
0,1,22.98,30,7,0
0,2,32.76,47,8,0
0,1,20.62,34,7,1
1,1,29.14,28,5,0
0,0,20.74,24,7,1
0,1,25.19,21,8,0
1,0,20.0,10,4,2
1,1,34.78,47,6,2
1,2,36.31,35,6,2
1,1,34.29,49,5,0
0,0,20.0,20,8,1
1,0,21.36,26,4,0
0,1,26.81,10,8,0
1,1,29.35,6,6,0
0,2,28.47,32,8,1
1,2,40.41,3,4,1
0,1,24.13,38,6,1
0,0,20.0,18,8,0
0,0,23.98,72,6,0
1,0,22.49,30,6,1
1,0,22.18,45,5,0
0,1,20.7,17,8,1
0,1,31.22,65,7,0
0,1,22.13,69,5,2
0,0,20.18,58,8,1
1,0,26.74,72,5,0
0,0,21.27,11,8,0
0,0,20.0,47,8,1
1,2,30.9,15,5,2
0,0,20.0,12,7,0
0,1,26.56,29,8,0
0,0,20.0,35,7,2
0,2,32.61,27,8,1
0,1,28.05,9,7,0
0,0,22.89,31,8,1
0,1,22.32,29,7,0
1,1,36.59,12,7,1
0,2,34.3,72,7,0
1,0,23.99,72,3,2
0,2,35.27,33,7,1
0,2,39.1,1,8,1
0,2,27.68,29,7,1
0,1,25.32,63,7,2
0,1,20.0,30,5,2
1,1,30.58,27,5,1
0,1,27.1,48,8,1
0,1,25.88,72,8,1
1,1,28.04,38,6,1
0,1,20.0,33,8,0
0,1,27.12,72,8,1
0,2,36.37,42,8,0
0,0,20.0,72,7,2
0,2,33.32,12,6,0
0,1,21.3,12,8,2
1,2,37.37,14,7,1
0,1,24.82,55,6,1
0,0,20.0,38,7,1
1,2,33.72,24,8,0
0,0,20.0,38,8,0
0,2,33.15,61,7,0
0,1,22.06,23,8,1
1,1,28.81,51,7,0
0,0,20.0,21,6,1
0,1,22.7,6,8,0
0,0,25.39,30,6,0
0,0,20.0,6,7,0
1,0,21.99,23,6,2
1,0,21.07,33,7,1
0,2,37.4,14,7,0
0,2,33.66,45,8,1
0,0,20.0,25,8,0
1,1,33.32,46,5,2
0,0,20.6,29,6,1
0,1,26.77,25,7,0
0,2,30.97,14,8,1
0,2,29.75,30,7,0
0,1,27.01,33,6,2
0,1,24.36,39,8,0
0,0,25.45,36,7,1
1,2,32.19,8,5,0
0,0,24.61,59,8,1
0,1,25.67,40,6,1
0,1,26.9,31,7,1
0,1,28.5,38,6,1
0,0,20.0,44,7,2
0,2,34.59,72,7,0
0,0,20.0,19,6,0
0,1,23.84,19,7,0
0,0,20.0,11,5,2
0,0,20.0,4,7,0
1,1,29.36,41,4,1
0,1,27.16,72,8,1
1,0,26.11,24,7,0
0,0,20.72,68,6,0
0,1,24.0,24,8,0
0,1,27.11,66,7,0
0,2,32.37,38,7,0
1,0,26.81,31,7,0
0,0,22.33,19,7,2
1,0,24.09,32,4,2
0,0,20.0,55,6,0
0,1,24.04,17,8,0
0,1,24.35,28,8,0
0,0,20.0,35,6,1
0,0,20.8,53,6,2
0,0,22.15,32,7,0
0,2,31.85,24,8,0
0,2,32.05,37,8,1
0,0,20.43,65,8,1
1,0,22.45,41,5,0
1,2,33.22,29,5,1
0,2,26.73,31,6,0
0,1,23.91,12,8,0
0,0,21.42,50,8,1
1,0,21.89,9,4,2
0,1,25.29,21,6,0
0,0,21.4,26,5,2
1,0,25.56,21,5,0
0,1,22.76,12,6,1
0,0,22.99,17,7,1
0,1,29.38,8,8,2
0,0,20.0,72,6,2
0,0,20.0,19,8,0
0,1,29.57,18,8,2
0,0,20.0,72,5,2
0,2,25.34,6,7,1
1,1,25.8,45,7,0
0,0,20.0,31,5,2
0,1,22.51,12,5,2
0,0,20.0,32,8,0
1,2,36.1,72,4,2
0,0,24.39,45,6,0
0,1,25.13,40,8,0
1,0,27.22,10,6,1
1,1,34.29,15,7,1
0,2,36.3,7,7,1
1,2,36.85,32,6,0
0,0,20.0,31,5,2
0,0,21.38,15,7,0
0,2,35.15,55,6,0
0,2,31.76,9,6,0
0,0,25.23,16,7,1
0,1,28.58,32,6,2
0,0,21.7,10,6,1
0,2,35.26,23,6,2
1,0,25.0,17,4,0
0,0,20.0,36,7,1
0,1,24.5,8,6,1
0,0,23.59,3,6,1
1,1,27.58,10,4,0
0,1,25.33,55,8,1
1,0,20.87,53,4,1
0,0,25.35,13,8,1
0,1,31.04,28,7,1
0,0,20.0,30,6,0
